rank,prev_rank,team1,league,off,def,spi
1,1,Bayern Munich,German Bundesliga,3.37,0.34,94.33
2,2,Manchester City,Barclays Premier League,3.02,0.37,92.02
3,3,Liverpool,Barclays Premier League,2.85,0.33,91.44
4,4,Barcelona,Spanish Primera Division,2.91,0.39,90.99
5,6,Paris Saint-Germain,French Ligue 1,2.99,0.5,89.87
6,5,Real Madrid,Spanish Primera Division,2.57,0.34,89.26
7,7,Atletico Madrid,Spanish Primera Division,2.32,0.31,87.43
8,11,RB Leipzig,German Bundesliga,2.49,0.51,85.29
9,9,Borussia Dortmund,German Bundesliga,2.43,0.49,85.06
10,12,Chelsea,Barclays Premier League,2.49,0.55,84.52
11,10,Internazionale,Italy Serie A,2.65,0.66,84.16
12,8,Manchester United,Barclays Premier League,2.42,0.54,83.96
13,13,Juventus,Italy Serie A,2.42,0.63,82.21
14,17,Leicester City,Barclays Premier League,2.27,0.56,81.71
15,16,Napoli,Italy Serie A,2.22,0.56,81.13
16,15,Sevilla FC,Spanish Primera Division,2.08,0.48,81.01
17,14,FC Salzburg,Austrian T-Mobile Bundesliga,2.85,1,80.35
18,19,Atalanta,Italy Serie A,2.4,0.73,79.97
19,18,AC Milan,Italy Serie A,2.25,0.64,79.82
20,27,Real Sociedad,Spanish Primera Division,2.01,0.51,79.2
21,21,Tottenham Hotspur,Barclays Premier League,2.2,0.65,78.87
22,20,Arsenal,Barclays Premier League,2.18,0.65,78.69
23,25,Zenit St Petersburg,Russian Premier Liga,2.15,0.63,78.48
24,23,Bayer Leverkusen,German Bundesliga,2.15,0.64,78.27
25,24,Borussia Monchengladbach,German Bundesliga,2.2,0.71,77.57
26,29,Benfica,Portuguese Liga,2.26,0.77,77.02
27,30,Everton,Barclays Premier League,2.12,0.68,76.89
28,32,FC Porto,Portuguese Liga,2.14,0.72,76.53
29,22,Wolverhampton,Barclays Premier League,1.88,0.56,76.14
30,28,Villarreal,Spanish Primera Division,2.1,0.71,75.98
31,31,Lyon,French Ligue 1,1.96,0.62,75.95
32,34,AS Roma,Italy Serie A,2.17,0.78,75.65
33,33,Olympiacos,Greek Super League,2.05,0.71,75.22
34,26,Ajax,Dutch Eredivisie,2.39,0.95,75.14
35,35,Getafe,Spanish Primera Division,1.71,0.52,74.27
36,39,TSG Hoffenheim,German Bundesliga,2.3,0.95,73.71
37,40,Eintracht Frankfurt,German Bundesliga,2.11,0.86,72.91
38,38,VfL Wolfsburg,German Bundesliga,1.9,0.73,72.23
39,41,Lazio,Italy Serie A,2.06,0.86,72.09
40,44,Southampton,Barclays Premier League,1.95,0.79,71.66
41,53,West Ham United,Barclays Premier League,2.02,0.86,71.38
42,36,Granada,Spanish Primera Division,1.9,0.77,71.33
43,43,Lille,French Ligue 1,1.76,0.67,71.19
44,37,Real Betis,Spanish Primera Division,1.93,0.8,71.13
45,45,Celta Vigo,Spanish Primera Division,1.76,0.68,70.92
46,46,Brighton and Hove Albion,Barclays Premier League,1.93,0.83,70.38
47,48,Flamengo,Brasileiro Série A,1.93,0.85,70.01
48,47,Fiorentina,Italy Serie A,1.91,0.86,69.33
49,52,Burnley,Barclays Premier League,1.8,0.78,69.05
50,58,Aston Villa,Barclays Premier League,1.83,0.81,69.04
51,56,Celtic,Scottish Premiership,2.19,1.09,68.97
52,50,Club Brugge,Belgian Jupiler League,1.94,0.91,68.84
53,57,Athletic Bilbao,Spanish Primera Division,1.71,0.73,68.78
54,60,Stade Rennes,French Ligue 1,1.72,0.75,68.66
55,54,Young Boys,Swiss Raiffeisen Super League,2.09,1.04,68.39
56,55,Hertha Berlin,German Bundesliga,1.94,0.92,68.37
57,49,Crystal Palace,Barclays Premier League,1.73,0.79,67.68
58,67,Levante,Spanish Primera Division,1.9,0.93,67.57
59,51,Osasuna,Spanish Primera Division,1.74,0.81,67.33
60,61,CSKA Moscow,Russian Premier Liga,1.72,0.8,67.3
61,63,Valencia,Spanish Primera Division,1.83,0.9,67.01
62,62,AS Monaco,French Ligue 1,1.95,0.99,66.95
63,59,Sheffield United,Barclays Premier League,1.67,0.77,66.93
64,65,Eibar,Spanish Primera Division,1.66,0.78,66.58
65,81,Leeds United,Barclays Premier League,1.85,0.96,65.87
66,70,Sassuolo,Italy Serie A,1.97,1.06,65.73
67,69,River Plate,Argentina Primera Division,1.74,0.88,65.48
68,91,SD Huesca,Spanish Primera Division,1.63,0.8,65.33
69,68,Palmeiras,Brasileiro Série A,1.59,0.77,65.29
70,72,Marseille,French Ligue 1,1.73,0.89,65.03
71,74,FC Krasnodar,Russian Premier Liga,1.72,0.9,64.82
72,66,Grêmio,Brasileiro Série A,1.67,0.86,64.7
73,76,Cadiz,Spanish Primera Division,1.65,0.85,64.51
74,75,Newcastle,Barclays Premier League,1.7,0.9,64.22
75,73,Real Valladolid,Spanish Primera Division,1.56,0.79,64.14
76,85,Werder Bremen,German Bundesliga,1.8,1,64.04
77,99,1. FC Union Berlin,German Bundesliga,1.72,0.93,63.99
78,86,FC Augsburg,German Bundesliga,1.75,0.96,63.91
79,83,AFC Bournemouth,English League Championship,1.81,1.01,63.85
80,77,PSV,Dutch Eredivisie,1.91,1.1,63.67
81,96,VfB Stuttgart,German Bundesliga,1.77,0.99,63.54
82,89,Kawasaki Frontale,Japanese J League,2.06,1.24,63.4
83,78,SC Freiburg,German Bundesliga,1.86,1.07,63.37
84,80,Watford,English League Championship,1.67,0.92,63.24
85,82,FC Cologne,German Bundesliga,1.85,1.07,63.16
86,104,Lens,French Ligue 1,1.65,0.93,62.41
87,92,Brentford,English League Championship,1.63,0.92,62.33
88,88,Alavés,Spanish Primera Division,1.6,0.9,62.26
89,90,Montpellier,French Ligue 1,1.7,0.99,62.19
90,97,Espanyol,Spanish Segunda Division,1.69,0.98,62.03
91,105,Spartak Moscow,Russian Premier Liga,1.57,0.89,61.92
92,94,Guangzhou Evergrande,Chinese Super League,1.87,1.15,61.79
93,118,Rangers,Scottish Premiership,1.73,1.05,61.23
94,98,Udinese,Italy Serie A,1.58,0.93,61.16
95,112,Sporting CP,Portuguese Liga,1.57,0.93,60.73
96,114,Lokomotiv Moscow,Russian Premier Liga,1.46,0.84,60.64
97,102,PAOK Salonika,Greek Super League,1.46,0.85,60.44
98,106,Boca Juniors,Argentina Primera Division,1.47,0.87,60.25
99,107,AEK Athens,Greek Super League,1.53,0.92,60.22
100,95,AZ,Dutch Eredivisie,1.82,1.17,60.22
101,103,Trabzonspor,Turkish Turkcell Super Lig,1.9,1.24,60.21
102,93,Fulham,Barclays Premier League,1.67,1.06,59.94
103,101,Sampdoria,Italy Serie A,1.73,1.11,59.93
104,111,Norwich City,English League Championship,1.66,1.05,59.81
105,113,Braga,Portuguese Liga,1.71,1.1,59.77
106,119,Bologna,Italy Serie A,1.68,1.07,59.71
107,100,Basel,Swiss Raiffeisen Super League,1.82,1.2,59.62
108,87,Elche,Spanish Primera Division,1.58,0.99,59.54
109,109,Galatasaray,Turkish Turkcell Super Lig,1.72,1.12,59.45
110,117,Arminia Bielefeld,German Bundesliga,1.55,0.97,59.35
111,115,Bordeaux,French Ligue 1,1.43,0.87,59.16
112,79,Mainz,German Bundesliga,1.8,1.21,59.02
113,134,Atletico Mineiro,Brasileiro Série A,1.63,1.06,58.86
114,122,Nantes,French Ligue 1,1.5,0.95,58.72
115,116,Verona,Italy Serie A,1.59,1.03,58.63
116,110,Internacional,Brasileiro Série A,1.39,0.86,58.53
117,135,São Paulo,Brasileiro Série A,1.41,0.88,58.52
118,127,West Bromwich Albion,Barclays Premier League,1.65,1.09,58.44
119,125,Shanghai SIPG,Chinese Super League,1.69,1.13,58.37
120,126,Beijing Guoan,Chinese Super League,1.76,1.21,58.34
121,130,Strasbourg,French Ligue 1,1.52,0.99,58.22
122,139,LASK Linz,Austrian T-Mobile Bundesliga,1.7,1.16,58.06
123,129,FC Midtjylland,Danish SAS-Ligaen,1.64,1.11,57.95
124,132,Bodo/Glimt,Norwegian Tippeligaen,2.19,1.62,57.88
125,128,Feyenoord,Dutch Eredivisie,1.88,1.33,57.87
126,120,Angers,French Ligue 1,1.48,0.97,57.87
127,124,Torino,Italy Serie A,1.64,1.13,57.44
128,138,Nice,French Ligue 1,1.54,1.05,57.2
129,133,Sporting de Charleroi,Belgian Jupiler League,1.55,1.07,57.05
130,108,Schalke 04,German Bundesliga,1.64,1.16,56.75
131,143,Brest,French Ligue 1,1.65,1.17,56.71
132,145,Tigres UANL,Mexican Primera Division Torneo Apertura,1.53,1.06,56.62
133,147,Cruz Azul,Mexican Primera Division Torneo Apertura,1.6,1.16,55.94
134,137,Anderlecht,Belgian Jupiler League,1.63,1.19,55.85
135,150,Metz,French Ligue 1,1.39,0.97,55.85
136,140,Cagliari,Italy Serie A,1.53,1.1,55.76
137,123,Besiktas,Turkish Turkcell Super Lig,1.76,1.31,55.73
138,146,Santos,Brasileiro Série A,1.4,0.98,55.61
139,131,St Etienne,French Ligue 1,1.43,1.02,55.34
140,142,Parma,Italy Serie A,1.64,1.22,55.17
141,154,Rapid Vienna,Austrian T-Mobile Bundesliga,1.72,1.31,55.16
142,148,Nimes,French Ligue 1,1.53,1.13,55.08
143,136,Genoa,Italy Serie A,1.63,1.23,54.87
144,153,León,Mexican Primera Division Torneo Apertura,1.52,1.14,54.72
145,155,Benevento,Italy Serie A,1.55,1.17,54.71
146,158,Guimaraes,Portuguese Liga,1.37,1,54.36
147,149,Reims,French Ligue 1,1.34,0.98,54.24
148,152,FC Copenhagen,Danish SAS-Ligaen,1.63,1.27,54.08
149,176,Malmo FF,Swedish Allsvenskan,1.57,1.22,53.72
150,160,Fenerbahce,Turkish Turkcell Super Lig,1.55,1.21,53.59
151,156,Monterrey,Mexican Primera Division Torneo Apertura,1.58,1.24,53.57
152,170,Stoke City,English League Championship,1.43,1.11,53.34
153,163,Velez Sarsfield,Argentina Primera Division,1.22,0.9,53.34
154,187,Swansea City,English League Championship,1.44,1.11,53.33
155,198,Vitesse,Dutch Eredivisie,1.66,1.34,53.1
156,151,KAA Gent,Belgian Jupiler League,1.59,1.28,52.92
157,159,Rio Ave,Portuguese Liga,1.38,1.07,52.79
158,164,Atlético Paranaense,Brasileiro Série A,1.21,0.91,52.75
159,192,Blackburn,English League Championship,1.48,1.2,52.33
160,166,Istanbul Basaksehir,Turkish Turkcell Super Lig,1.46,1.18,52.07
161,173,Crotone,Italy Serie A,1.46,1.19,51.99
162,162,Los Angeles FC,Major League Soccer,1.81,1.53,51.99
163,165,Spezia,Italy Serie A,1.46,1.19,51.98
164,171,Lorient,French Ligue 1,1.47,1.2,51.97
165,174,Defensa y Justicia,Argentina Primera Division,1.28,1.02,51.81
166,189,FC Utrecht,Dutch Eredivisie,1.69,1.43,51.77
167,186,Fluminense,Brasileiro Série A,1.29,1.04,51.57
168,175,Alanyaspor,Turkish Turkcell Super Lig,1.47,1.22,51.38
169,161,Molde,Norwegian Tippeligaen,1.84,1.6,51.28
170,177,Jiangsu Suning FC,Chinese Super League,1.5,1.26,51.28
171,178,Sochi,Russian Premier Liga,1.36,1.12,51.19
172,172,Standard Liege,Belgian Jupiler League,1.42,1.19,51.03
173,182,Santos Laguna,Mexican Primera Division Torneo Apertura,1.45,1.22,50.97
174,191,Rostov,Russian Premier Liga,1.32,1.1,50.95
175,183,Pachuca,Mexican Primera Division Torneo Apertura,1.3,1.09,50.68
176,190,Brondby,Danish SAS-Ligaen,1.51,1.3,50.45
177,201,Rubin Kazan,Russian Premier Liga,1.21,1.01,50.31
178,195,Bristol City,English League Championship,1.42,1.22,50.27
179,204,Antwerp,Belgian Jupiler League,1.5,1.31,50.16
180,179,Dinamo Moscow,Russian Premier Liga,1.1,0.9,49.94
181,194,Shandong Luneng,Chinese Super League,1.6,1.43,49.81
182,193,Club América,Mexican Primera Division Torneo Apertura,1.45,1.29,49.61
183,185,Cardiff City,English League Championship,1.35,1.19,49.58
184,197,CA Independiente,Argentina Primera Division,1.2,1.04,49.46
185,188,Fortuna Düsseldorf,German 2. Bundesliga,1.53,1.37,49.41
186,181,Genk,Belgian Jupiler League,1.62,1.47,49.24
187,205,St Gallen,Swiss Raiffeisen Super League,1.64,1.51,49.07
188,209,Hamburg SV,German 2. Bundesliga,1.58,1.44,49.06
189,196,Corinthians,Brasileiro Série A,1.29,1.15,48.95
190,168,Wolfsberger AC,Austrian T-Mobile Bundesliga,1.57,1.44,48.83
191,215,AGF Aarhus,Danish SAS-Ligaen,1.57,1.45,48.69
192,203,Dijon FCO,French Ligue 1,1.35,1.23,48.62
193,202,Newell's Old Boys,Argentina Primera Division,1.24,1.11,48.58
194,211,Seattle Sounders FC,Major League Soccer,1.5,1.38,48.53
195,207,Toronto FC,Major League Soccer,1.54,1.43,48.48
196,206,Racing Club,Argentina Primera Division,1.18,1.06,48.4
197,199,Preston North End,English League Championship,1.27,1.16,48.14
198,200,Vasco da Gama,Brasileiro Série A,1.26,1.15,48.06
199,213,Fortaleza,Brasileiro Série A,1.15,1.04,48.05
200,221,Bragantino,Brasileiro Série A,1.36,1.26,48.03
201,218,Bahía,Brasileiro Série A,1.31,1.21,47.94
202,212,Guadalajara,Mexican Primera Division Torneo Apertura,1.28,1.2,47.6
203,216,Panathinaikos,Greek Super League,1.08,0.98,47.54
204,208,FC Arsenal Tula,Russian Premier Liga,1.38,1.31,47.36
205,210,Middlesbrough,English League Championship,1.32,1.25,47.34
206,225,Huddersfield Town,English League Championship,1.26,1.19,47.18
207,217,Philadelphia Union,Major League Soccer,1.43,1.37,47.16
208,219,Santa Clara,Portuguese Liga,1.26,1.19,47.13
209,223,Yokohama F. Marinos,Japanese J League,1.63,1.58,47.05
210,228,Reading,English League Championship,1.26,1.2,46.93
211,229,New York City FC,Major League Soccer,1.36,1.31,46.88
212,220,Rosenborg,Norwegian Tippeligaen,1.55,1.52,46.72
213,214,Millwall,English League Championship,1.26,1.21,46.65
214,227,Toulouse,French Ligue 2,1.38,1.36,46.21
215,237,Queens Park Rangers,English League Championship,1.41,1.4,46.05
216,226,Morelia,Mexican Primera Division Torneo Clausura,1.43,1.42,46.04
217,231,Lanus,Argentina Primera Division,1.28,1.27,45.68
218,224,Ceará,Brasileiro Série A,1.2,1.19,45.6
219,222,Sheffield Wednesday,English League Championship,1.24,1.24,45.56
220,240,Portimonense,Portuguese Liga,1.19,1.21,45.11
221,253,FC Nordsjaelland,Danish SAS-Ligaen,1.47,1.51,45.09
222,247,Hannover 96,German 2. Bundesliga,1.37,1.4,44.98
223,234,Barnsley,English League Championship,1.19,1.21,44.84
224,235,Talleres de Córdoba,Argentina Primera Division,1.21,1.23,44.82
225,232,Birmingham,English League Championship,1.27,1.31,44.74
226,250,Famalicao,Portuguese Liga,1.28,1.33,44.48
227,245,Pumas Unam,Mexican Primera Division Torneo Apertura,1.27,1.33,44.32
228,241,Pacos Ferreira,Portuguese Liga,1.23,1.29,44.11
229,248,Willem II,Dutch Eredivisie,1.44,1.52,44.11
230,249,Nottingham Forest,English League Championship,1.23,1.29,44.1
231,258,IFK Norrkoping,Swedish Allsvenskan,1.58,1.68,43.96
232,252,Aris Salonika,Greek Super League,1.32,1.4,43.8
233,246,Gil Vicente,Portuguese Liga,1.18,1.25,43.78
234,243,Sivasspor,Turkish Turkcell Super Lig,1.27,1.35,43.77
235,256,Atlético Goianiense,Brasileiro Série A,1.17,1.23,43.76
236,244,FC Lugano,Swiss Raiffeisen Super League,1.36,1.46,43.67
237,255,Columbus Crew,Major League Soccer,1.2,1.28,43.51
238,274,Terek Grozny,Russian Premier Liga,1.15,1.23,43.47
239,260,Tondela,Portuguese Liga,1.2,1.29,43.24
240,233,Derby County,English League Championship,1.27,1.38,43.12
241,257,Sport Recife,Brasileiro Série A,1.16,1.26,43.11
242,259,Argentinos Juniors,Argentina Primera Division,1,1.08,42.87
243,262,Tijuana,Mexican Primera Division Torneo Apertura,1.21,1.32,42.85
244,269,Inter Miami CF,Major League Soccer,1.29,1.41,42.79
245,261,Rosario Central,Argentina Primera Division,1.15,1.27,42.73
246,242,Amiens,French Ligue 2,1.14,1.26,42.7
247,267,Monza,Italy Serie B,1.29,1.43,42.67
248,265,Estudiantes,Argentina Primera Division,1,1.1,42.6
249,277,Chicago Fire,Major League Soccer,1.46,1.62,42.58
250,271,C.D. Nacional,Portuguese Liga,1.27,1.4,42.55
251,270,Botafogo,Brasileiro Série A,1.16,1.29,42.46
252,251,Moreirense,Portuguese Liga,1.2,1.33,42.44
253,278,FK Austria Vienna,Austrian T-Mobile Bundesliga,1.29,1.43,42.41
254,254,FC Tambov,Russian Premier Liga,1.13,1.27,42.14
255,298,Mallorca,Spanish Segunda Division,1.1,1.24,41.98
256,238,Ural Sverdlovsk Oblast,Russian Premier Liga,1.13,1.28,41.94
257,263,Los Angeles Galaxy,Major League Soccer,1.49,1.68,41.89
258,308,Luton Town,English League Championship,1.16,1.31,41.84
259,280,Arsenal Sarandi,Argentina Primera Division,1.28,1.45,41.78
260,331,Konyaspor,Turkish Turkcell Super Lig,1.24,1.41,41.62
261,299,Servette,Swiss Raiffeisen Super League,1.36,1.56,41.48
262,284,Tianjin Teda,Chinese Super League,1.28,1.47,41.44
263,279,Maritimo,Portuguese Liga,1.13,1.29,41.44
264,268,Djurgardens IF,Swedish Allsvenskan,1.22,1.4,41.41
265,272,Cerezo Osaka,Japanese J League,1.09,1.26,41.41
266,285,Colorado Rapids,Major League Soccer,1.43,1.64,41.4
267,286,FC Groningen,Dutch Eredivisie,1.11,1.27,41.39
268,273,Kasimpasa,Turkish Turkcell Super Lig,1.29,1.49,41.38
269,294,Orlando City SC,Major League Soccer,1.34,1.54,41.3
270,287,Atlético Tucumán,Argentina Primera Division,1.07,1.24,41.23
271,289,Sporting Kansas City,Major League Soccer,1.38,1.6,41.18
272,292,Goztepe,Turkish Turkcell Super Lig,1.28,1.49,41.03
273,276,Heerenveen,Dutch Eredivisie,1.44,1.68,40.98
274,293,San Lorenzo,Argentina Primera Division,1.14,1.33,40.96
275,319,New England Revolution,Major League Soccer,1.26,1.47,40.85
276,296,Querétaro,Mexican Primera Division Torneo Apertura,1.22,1.43,40.82
277,291,SC Farense,Portuguese Liga,1.19,1.4,40.81
278,306,Hammarby,Swedish Allsvenskan,1.5,1.76,40.77
279,311,Leganes,Spanish Segunda Division,1.18,1.39,40.74
280,281,Heracles,Dutch Eredivisie,1.31,1.54,40.7
281,264,AaB,Danish SAS-Ligaen,1.16,1.37,40.66
282,290,BK Hacken,Swedish Allsvenskan,1.18,1.4,40.54
283,309,Gazisehir Gaziantep,Turkish Turkcell Super Lig,1.27,1.5,40.52
284,236,Kashima Antlers,Japanese J League,1.22,1.44,40.49
285,313,Goiás,Brasileiro Série A,1.23,1.46,40.47
286,301,Patronato,Argentina Primera Division,1.2,1.43,40.35
287,310,Hull City,English League One,1.21,1.45,40.33
288,303,Gimnasia La Plata,Argentina Primera Division,0.98,1.17,40.3
289,266,Arizona United,United Soccer League,1.56,1.85,40.23
290,288,Boavista,Portuguese Liga,1.08,1.3,40.13
291,345,St. Pölten,Austrian T-Mobile Bundesliga,1.31,1.58,39.95
292,322,Sanfrecce Hiroshima,Japanese J League,1.12,1.35,39.89
293,302,FC Luzern,Swiss Raiffeisen Super League,1.29,1.56,39.89
294,339,PEC Zwolle,Dutch Eredivisie,1.35,1.63,39.83
295,304,Antalyaspor,Turkish Turkcell Super Lig,1.13,1.37,39.73
296,297,Coritiba,Brasileiro Série A,1.06,1.29,39.7
297,307,Coventry City,English League Championship,1.18,1.43,39.69
298,312,Banfield,Argentina Primera Division,0.98,1.2,39.66
299,305,Belenenses,Portuguese Liga,1.04,1.28,39.61
300,340,Almeria,Spanish Segunda Division,1.11,1.36,39.54
301,329,New York Red Bulls,Major League Soccer,1.31,1.6,39.43
302,275,Rayo Vallecano,Spanish Segunda Division,1.21,1.49,39.38
303,316,Rotherham United,English League Championship,1.1,1.36,39.3
304,315,Minnesota United FC,Major League Soccer,1.32,1.63,39.25
305,282,FC Ufa,Russian Premier Liga,0.9,1.11,39.23
306,300,Brescia,Italy Serie B,1.24,1.53,39.21
307,360,Vissel Kobe,Japanese J League,1.44,1.76,39.17
308,318,Union Santa Fe,Argentina Primera Division,1,1.25,39.16
309,295,Girona FC,Spanish Segunda Division,1.05,1.31,39.15
310,320,Asteras Tripolis,Greek Super League,1.04,1.3,39.02
311,314,SC Paderborn,German 2. Bundesliga,1.24,1.54,38.92
312,323,Necaxa,Mexican Primera Division Torneo Apertura,1.1,1.38,38.81
313,283,FC Tokyo,Japanese J League,1.16,1.45,38.74
314,321,FC Juárez,Mexican Primera Division Torneo Apertura,1.09,1.37,38.7
315,324,Shanghai Greenland,Chinese Super League,1.34,1.68,38.68
316,327,Portland Timbers,Major League Soccer,1.4,1.75,38.67
317,317,FC Dallas,Major League Soccer,1.23,1.55,38.59
318,387,Lausanne Sports,Swiss Raiffeisen Super League,1.22,1.54,38.56
319,328,Henan Jianye,Chinese Super League,1.25,1.57,38.55
320,372,Gamba Osaka,Japanese J League,1.2,1.52,38.48
321,333,SK Sturm Graz,Austrian T-Mobile Bundesliga,1.17,1.49,38.39
322,326,Atlético San Luis,Mexican Primera Division Torneo Apertura,1.15,1.47,38.3
323,342,Kashiwa Reysol,Japanese J League,1.26,1.61,38.3
324,334,KV Kortrijk,Belgian Jupiler League,1.19,1.52,38.16
325,335,Hebei China Fortune FC,Chinese Super League,1.29,1.65,38.14
326,325,Odense BK,Danish SAS-Ligaen,1.23,1.57,38.13
327,336,Mamelodi Sundowns,South African ABSA Premier League,0.98,1.26,38.09
328,337,FC Twente,Dutch Eredivisie,1.25,1.6,38.07
329,341,Huracán,Argentina Primera Division,0.95,1.24,37.93
330,348,Troyes,French Ligue 2,0.99,1.29,37.82
331,365,Sporting Gijón,Spanish Segunda Division,0.9,1.18,37.76
332,356,FC Sion,Swiss Raiffeisen Super League,1.07,1.4,37.67
333,343,Wuhan Zall,Chinese Super League,1.17,1.53,37.62
334,332,Spal,Italy Serie B,1.16,1.52,37.6
335,338,Atlanta United FC,Major League Soccer,1.15,1.51,37.45
336,344,Caen,French Ligue 2,1,1.33,37.3
337,351,Toluca,Mexican Primera Division Torneo Apertura,1.22,1.6,37.28
338,352,Atromitos,Greek Super League,1,1.33,37.25
339,353,Atlas,Mexican Primera Division Torneo Apertura,1.01,1.35,37.23
340,346,Hartberg,Austrian T-Mobile Bundesliga,1.32,1.73,37.2
341,354,Central Córdoba Santiago del Estero,Argentina Primera Division,1,1.34,37.16
342,349,KV Mechelen,Belgian Jupiler League,1.24,1.64,37.1
343,371,FC Khimki,Russian Premier Liga,1.16,1.55,36.89
344,369,Houston Dynamo,Major League Soccer,1.27,1.7,36.74
345,370,1. FC Nürnberg,German 2. Bundesliga,1.12,1.51,36.72
346,358,Dalian Aerbin,Chinese Super League,1.29,1.73,36.66
347,330,Sparta,Dutch Eredivisie,1.25,1.67,36.65
348,361,Kaizer Chiefs,South African ABSA Premier League,1.01,1.39,36.44
349,359,KFCO Beerschot-Wilrijk,Belgian Jupiler League,1.23,1.66,36.43
350,368,Fuenlabrada,Spanish Segunda Division,1,1.38,36.32
351,350,FK Volgograd,Russian Premier Liga,1.04,1.43,36.3
352,366,Las Palmas,Spanish Segunda Division,1.07,1.47,36.25
353,355,Randers FC,Danish SAS-Ligaen,1.13,1.55,36.23
354,401,Cercle Brugge,Belgian Jupiler League,1.13,1.55,36.22
355,377,Hatayspor,Turkish Turkcell Super Lig,1.04,1.44,36.21
356,388,Clermont Foot,French Ligue 2,0.93,1.3,36.19
357,373,Fatih Karagümrük,Turkish Turkcell Super Lig,1.12,1.55,35.96
358,379,Real Salt Lake,Major League Soccer,1.08,1.5,35.77
359,367,Puebla,Mexican Primera Division Torneo Apertura,1.05,1.46,35.75
360,362,Sunderland,English League One,1,1.4,35.74
361,383,Málaga,Spanish Segunda Division,0.79,1.14,35.64
362,384,Holstein Kiel,German 2. Bundesliga,1.18,1.64,35.58
363,363,Guingamp,French Ligue 2,1.06,1.49,35.55
364,386,Mouscron-Peruwelz,Belgian Jupiler League,1.03,1.45,35.45
365,394,SV Zulte Waregem,Belgian Jupiler League,1.24,1.72,35.45
366,381,Melbourne City,Australian A-League,1.17,1.64,35.39
367,364,Nagoya Grampus Eight,Japanese J League,1.09,1.54,35.33
368,347,Cashpoint SC Rheindorf Altach,Austrian T-Mobile Bundesliga,1.09,1.55,35.27
369,382,Sydney FC,Australian A-League,1.12,1.58,35.2
370,357,SV Sandhausen,German 2. Bundesliga,1.16,1.64,35.19
371,390,Odd BK,Norwegian Tippeligaen,1.29,1.81,35.16
372,380,SV Darmstadt 98,German 2. Bundesliga,1.1,1.57,35.15
373,421,OH Leuven,Belgian Jupiler League,1.16,1.64,35.09
374,389,OFI Crete,Greek Super League,1.06,1.52,34.85
375,392,Chongqing Lifan,Chinese Super League,1.08,1.56,34.78
376,400,Caykur Rizespor,Turkish Turkcell Super Lig,1.07,1.55,34.67
377,374,Hibernian,Scottish Premiership,1.13,1.63,34.61
378,391,1. FC Heidenheim 1846,German 2. Bundesliga,1.05,1.54,34.43
379,397,Eupen,Belgian Jupiler League,1.08,1.59,34.21
380,378,SV Ried,Austrian T-Mobile Bundesliga,1.15,1.69,34
381,406,Viking FK,Norwegian Tippeligaen,1.38,1.98,33.93
382,404,Guangzhou RF,Chinese Super League,1.44,2.07,33.73
383,405,Orlando Pirates,South African ABSA Premier League,0.98,1.48,33.73
384,399,Kristiansund BK,Norwegian Tippeligaen,1.29,1.88,33.69
385,407,Aldosivi,Argentina Primera Division,0.86,1.33,33.63
386,403,Emmen,Dutch Eredivisie,1.2,1.78,33.6
387,438,Aberdeen,Scottish Premiership,1,1.51,33.55
388,409,AIK,Swedish Allsvenskan,0.91,1.4,33.51
389,408,Tianjin Quanujian,Chinese Super League,1.16,1.73,33.51
390,419,KV Oostende,Belgian Jupiler League,1.08,1.62,33.47
391,393,IF Elfsborg,Swedish Allsvenskan,1.16,1.73,33.42
392,414,Yeni Malatyaspor,Turkish Turkcell Super Lig,1.04,1.58,33.38
393,425,Erzurumspor,Turkish Turkcell Super Lig,1.03,1.56,33.35
394,396,St. Truidense,Belgian Jupiler League,1.08,1.64,33.3
395,412,Real Zaragoza,Spanish Segunda Division,1.02,1.57,33.18
396,375,FC Zurich,Swiss Raiffeisen Super League,1.22,1.83,33.05
397,456,Auxerre,French Ligue 2,1,1.54,33.03
398,402,AD Alcorcon,Spanish Segunda Division,0.88,1.39,32.99
399,413,VfL Bochum,German 2. Bundesliga,1.04,1.61,32.93
400,411,VVV Venlo,Dutch Eredivisie,1.15,1.75,32.92
401,428,Grenoble,French Ligue 2,0.96,1.51,32.79
402,398,Le Havre,French Ligue 2,0.91,1.44,32.76
403,417,Ipswich Town,English League One,0.97,1.51,32.73
404,429,Vejle,Danish SAS-Ligaen,1.13,1.74,32.67
405,416,Shenzhen FC,Chinese Super League,1.19,1.81,32.64
406,465,SD Ponferradina,Spanish Segunda Division,0.91,1.45,32.62
407,418,SpVgg Greuther Fürth,German 2. Bundesliga,1.03,1.61,32.5
408,434,Karlsruher SC,German 2. Bundesliga,1.02,1.6,32.36
409,376,Wycombe Wanderers,English League Championship,1.03,1.62,32.3
410,441,San Jose Earthquakes,Major League Soccer,1.25,1.92,32.23
411,463,Paris FC,French Ligue 2,0.95,1.52,32.21
412,395,Tenerife,Spanish Segunda Division,0.91,1.47,32.2
413,458,Sonderjyske,Danish SAS-Ligaen,1.07,1.7,31.95
414,426,Perth Glory,Australian A-League,1.09,1.72,31.9
415,430,Newcastle Jets,Australian A-League,1.11,1.76,31.86
416,453,Fortuna Sittard,Dutch Eredivisie,1.18,1.84,31.84
417,415,Real Oviedo,Spanish Segunda Division,0.87,1.43,31.77
418,420,Kayserispor,Turkish Turkcell Super Lig,1.07,1.71,31.65
419,436,Louisville City FC,United Soccer League,1.07,1.71,31.55
420,442,ADO Den Haag,Dutch Eredivisie,1.15,1.83,31.48
421,423,Nashville SC,Major League Soccer,0.91,1.5,31.41
422,410,Pittsburgh Riverhounds,United Soccer League,0.98,1.6,31.39
423,439,Castellon,Spanish Segunda Division,0.98,1.61,31.26
424,437,Genclerbirligi,Turkish Turkcell Super Lig,0.93,1.55,31.26
425,427,FC Vaduz,Swiss Raiffeisen Super League,0.98,1.62,31.19
426,422,VfL Osnabruck,German 2. Bundesliga,1.03,1.68,31.19
427,444,Lecce,Italy Serie B,0.99,1.63,31.09
428,443,Mirandes,Spanish Segunda Division,0.94,1.58,31.03
429,424,Valenciennes,French Ligue 2,0.8,1.38,30.99
430,431,Empoli,Italy Serie B,1,1.66,30.83
431,432,Valerenga,Norwegian Tippeligaen,1.05,1.74,30.82
432,469,FC St. Pauli,German 2. Bundesliga,1.06,1.77,30.39
433,450,Jahn Regensburg,German 2. Bundesliga,1.01,1.7,30.38
434,446,CD Sabadell,Spanish Segunda Division,0.96,1.64,30.3
435,454,Wellington Phoenix,Australian A-League,1.1,1.83,30.17
436,433,Reno 1868 FC,United Soccer League,1.25,2.04,30.16
437,451,Logrones,Spanish Segunda Division,0.94,1.63,30.1
438,455,Panetolikos,Greek Super League,0.86,1.51,30.07
439,435,San Antonio FC,United Soccer League,1.13,1.88,30.01
440,457,Colon Santa Fe,Argentina Primera Division,0.83,1.48,29.95
441,468,Kilmarnock,Scottish Premiership,0.94,1.63,29.91
442,464,Mazatlán FC,Mexican Primera Division Torneo Apertura,0.94,1.63,29.87
443,459,Erzgebirge Aue,German 2. Bundesliga,0.95,1.65,29.85
444,470,Sochaux,French Ligue 2,0.89,1.56,29.84
445,447,FC Cartagena,Spanish Segunda Division,0.93,1.63,29.81
446,449,Ankaragucu,Turkish Turkcell Super Lig,0.89,1.56,29.79
447,461,Godoy Cruz,Argentina Primera Division,0.94,1.64,29.76
448,462,SuperSport United,South African ABSA Premier League,0.81,1.46,29.64
449,452,IK Sirius,Swedish Allsvenskan,1.14,1.93,29.63
450,466,Adelaide United,Australian A-League,1.22,2.05,29.37
451,445,Lugo,Spanish Segunda Division,0.86,1.56,29.25
452,474,WSG Swarovski Wattens,Austrian T-Mobile Bundesliga,1.02,1.78,29.13
453,467,RKC,Dutch Eredivisie,1.04,1.82,29.1
454,489,Livingston,Scottish Premiership,0.98,1.74,29.05
455,473,Peterborough United,English League One,1.01,1.78,28.98
456,479,Frosinone,Italy Serie B,0.86,1.58,28.88
457,471,Denizlispor,Turkish Turkcell Super Lig,0.86,1.58,28.77
458,460,AS Nancy Lorraine,French Ligue 2,0.77,1.45,28.73
459,477,Tampa Bay Rowdies,United Soccer League,0.87,1.6,28.65
460,440,Urawa Red Diamonds,Japanese J League,1.01,1.81,28.48
461,478,Bidvest Wits,South African ABSA Premier League,0.74,1.44,28.42
462,504,FC Trenkwalder Admira,Austrian T-Mobile Bundesliga,1.05,1.88,28.3
463,480,Larissa,Greek Super League,0.7,1.38,28.18
464,472,Albacete,Spanish Segunda Division,0.74,1.45,28.17
465,448,AC Ajaccio,French Ligue 2,0.8,1.54,27.95
466,482,IFK Goteborg,Swedish Allsvenskan,0.92,1.72,27.86
467,499,Orebro SK,Swedish Allsvenskan,0.98,1.81,27.79
468,476,Montreal Impact,Major League Soccer,1.05,1.91,27.76
469,485,AC Horsens,Danish SAS-Ligaen,0.9,1.71,27.61
470,484,Lamia,Greek Super League,0.55,1.18,27.53
471,481,Dunkerque,French Ligue 2,0.82,1.6,27.42
472,514,Oita Trinita,Japanese J League,0.78,1.55,27.36
473,512,Oxford United,English League One,0.93,1.77,27.35
474,498,Haugesund,Norwegian Tippeligaen,0.96,1.82,27.18
475,490,Chievo Verona,Italy Serie B,0.83,1.63,27.12
476,502,Cittadella,Italy Serie B,0.88,1.71,27.07
477,475,DC United,Major League Soccer,0.86,1.7,26.89
478,491,Guizhou Renhe,Chinese Super League,0.94,1.82,26.81
479,492,Western Sydney FC,Australian A-League,1.07,2,26.8
480,483,Motherwell,Scottish Premiership,0.84,1.67,26.72
481,495,Melbourne Victory,Australian A-League,1.07,2.01,26.6
482,506,Östersunds FK,Swedish Allsvenskan,0.73,1.53,26.45
483,529,Sarpsborg,Norwegian Tippeligaen,0.8,1.62,26.42
484,507,Chateauroux,French Ligue 2,0.76,1.58,26.36
485,496,Western United,Australian A-League,1.02,1.96,26.35
486,510,Doncaster Rovers,English League One,0.86,1.74,26.21
487,497,Brisbane Roar,Australian A-League,0.91,1.81,26.16
488,509,Waasland-Beveren,Belgian Jupiler League,1.06,2.04,25.98
489,488,Eintracht Braunschweig,German 2. Bundesliga,0.86,1.74,25.94
490,487,Niort,French Ligue 2,0.82,1.69,25.86
491,505,FC Xanthi,Greek Super League,0.58,1.33,25.81
492,503,Mjallby,Swedish Allsvenskan,0.93,1.89,25.3
493,486,Consadole Sapporo,Japanese J League,0.96,1.94,25.25
494,523,Reggina,Italy Serie B,0.86,1.8,25.25
495,501,Salford City,English League Two,0.85,1.79,25.06
496,500,Lyngby,Danish SAS-Ligaen,0.82,1.75,25.05
497,524,Wigan,English League One,0.88,1.84,24.94
498,520,Würzburger Kickers,German 2. Bundesliga,0.84,1.78,24.93
499,519,Chambly Thelle FC,French Ligue 2,0.8,1.73,24.83
500,493,Stabaek,Norwegian Tippeligaen,0.89,1.87,24.77
501,494,Charlton Athletic,English League One,0.83,1.78,24.67
502,508,Rodez,French Ligue 2,0.79,1.72,24.57
503,511,FC Cincinnati,Major League Soccer,0.77,1.7,24.53
504,525,Portsmouth,English League One,0.78,1.72,24.34
505,516,Stromsgodset,Norwegian Tippeligaen,1.01,2.08,24.31
506,518,Black Aces,South African ABSA Premier League,0.81,1.78,24.28
507,521,Maritzburg Utd,South African ABSA Premier League,0.56,1.39,24.05
508,515,Salernitana,Italy Serie B,0.8,1.79,24.01
509,543,Sagan Tosu,Japanese J League,0.75,1.71,23.86
510,550,Lincoln City,English League One,0.84,1.85,23.83
511,513,Cremonese,Italy Serie B,0.73,1.69,23.77
512,527,SK Brann,Norwegian Tippeligaen,0.81,1.82,23.68
513,517,Helsingborgs IF,Swedish Allsvenskan,0.85,1.89,23.52
514,532,Pordenone Calcio,Italy Serie B,0.72,1.7,23.44
515,526,Virtus Entella,Italy Serie B,0.74,1.74,23.16
516,528,Cosenza,Italy Serie B,0.74,1.75,23.04
517,536,Pau,French Ligue 2,0.72,1.72,22.86
518,522,Sacramento Republic FC,United Soccer League,0.8,1.87,22.71
519,548,Gillingham,English League One,0.72,1.74,22.69
520,547,Vegalta Sendai,Japanese J League,0.83,1.93,22.66
521,533,Shimizu S-Pulse,Japanese J League,0.97,2.14,22.58
522,538,New Mexico United,United Soccer League,0.84,1.95,22.57
523,534,F.B.C Unione Venezia,Italy Serie B,0.7,1.72,22.51
524,542,Bloem Celtic,South African ABSA Premier League,0.8,1.9,22.37
525,535,Dundee Utd,Scottish Premiership,0.76,1.85,22.1
526,545,Pisa,Italy Serie B,0.73,1.81,21.94
527,546,Panionios,Greek Super League,0.51,1.45,21.84
528,552,Varbergs BoIS FC,Swedish Allsvenskan,0.82,1.99,21.37
529,551,Vancouver Whitecaps,Major League Soccer,0.86,2.07,21.29
530,537,US Pescara,Italy Serie B,0.68,1.78,21.26
531,553,Volos NFC,Greek Super League,0.65,1.73,21.22
532,559,Swindon Town,English League One,0.83,2.02,21.19
533,530,Fleetwood Town,English League One,0.73,1.87,21.19
534,556,Hamilton Academical,Scottish Premiership,0.76,1.91,21.12
535,566,San Diego Loyal SC,United Soccer League,0.7,1.82,21.09
536,540,Indy Eleven,United Soccer League,0.69,1.81,21.03
537,531,Austin Bold FC,United Soccer League,0.92,2.19,20.99
538,554,Ascoli,Italy Serie B,0.76,1.92,20.96
539,544,Birmingham Legion FC,United Soccer League,0.81,2.01,20.93
540,549,Vicenza,Italy Serie B,0.71,1.86,20.89
541,539,Blackpool,English League One,0.72,1.88,20.72
542,563,Reggiana,Italy Serie B,0.74,1.92,20.57
543,541,Orange County SC,United Soccer League,0.69,1.85,20.51
544,560,Charleston Battery,United Soccer League,0.72,1.91,20.35
545,555,St Johnstone,Scottish Premiership,0.57,1.69,19.87
546,557,El Paso Locomotive FC,United Soccer League,0.6,1.75,19.56
547,558,Burton Albion,English League One,0.87,2.24,19.32
548,564,St Mirren,Scottish Premiership,0.58,1.76,19.13
549,565,Kalmar FF,Swedish Allsvenskan,0.7,1.97,19.11
550,572,Sandefjord,Norwegian Tippeligaen,0.65,1.89,19.02
551,568,Yokohama FC,Japanese J League,0.73,2.03,18.96
552,567,Highlands Park FC,South African ABSA Premier League,0.57,1.75,18.95
553,562,Milton Keynes Dons,English League One,0.64,1.89,18.81
554,561,Ross County,Scottish Premiership,0.67,1.95,18.63
555,569,Saint Louis FC,United Soccer League,0.66,1.99,17.9
556,577,Miami FC,United Soccer League,0.81,2.26,17.9
557,580,Cheltenham Town,English League Two,0.58,1.85,17.89
558,586,North Carolina FC,United Soccer League,0.71,2.1,17.73
559,585,LA Galaxy II,United Soccer League,0.86,2.38,17.4
560,573,Shonan Bellmare,Japanese J League,0.6,1.92,17.39
561,574,Central Coast Mariners,Australian A-League,0.78,2.26,17.34
562,575,Shrewsbury Town,English League One,0.55,1.85,17.31
563,576,Colchester United,English League Two,0.61,1.97,17.15
564,578,Golden Arrows,South African ABSA Premier League,0.43,1.63,17.14
565,570,Charlotte Independence,United Soccer League,0.7,2.14,16.94
566,571,Falkenbergs FF,Swedish Allsvenskan,0.68,2.13,16.64
567,579,Plymouth Argyle,English League One,0.64,2.07,16.51
568,581,Accrington Stanley,English League One,0.64,2.09,16.29
569,582,IK Start,Norwegian Tippeligaen,0.59,2.04,15.88
570,588,Oldham Athletic,English League Two,0.74,2.32,15.84
571,593,Exeter City,English League Two,0.61,2.1,15.68
572,587,Polokwane City FC,South African ABSA Premier League,0.47,1.84,15.52
573,583,Real Monarchs SLC,United Soccer League,0.6,2.11,15.38
574,584,Bolton,English League Two,0.57,2.1,14.86
575,590,Bristol Rovers,English League One,0.53,2.04,14.75
576,591,Aalesund,Norwegian Tippeligaen,0.8,2.54,14.7
577,592,AFC Wimbledon,English League One,0.57,2.13,14.55
578,595,Rochdale,English League One,0.56,2.12,14.39
579,594,Mjondalen,Norwegian Tippeligaen,0.54,2.1,14.13
580,603,Tulsa Roughnecks,United Soccer League,0.58,2.19,14.1
581,604,Hartford Athletic,United Soccer League,0.71,2.46,13.97
582,608,Memphis 901 FC,United Soccer League,0.68,2.39,13.95
583,598,Chippa United,South African ABSA Premier League,0.26,1.54,13.92
584,596,Portland Timbers 2,United Soccer League,0.84,2.72,13.62
585,606,Las Vegas Lights FC,United Soccer League,0.64,2.36,13.61
586,602,Bradford City,English League Two,0.49,2.07,13.58
587,599,AmaZulu,South African ABSA Premier League,0.31,1.68,13.48
588,589,Northampton Town,English League One,0.51,2.13,13.36
589,610,Crewe Alexandra,English League One,0.46,2.03,13.34
590,597,Mansfield Town,English League Two,0.56,2.26,12.9
591,605,Baroka FC,South African ABSA Premier League,0.24,1.57,12.84
592,611,Tacoma Defiance,United Soccer League,0.66,2.49,12.71
593,609,Stellenbosch FC,South African ABSA Premier League,0.35,1.89,12.29
594,614,Crawley Town,English League Two,0.46,2.14,12.14
595,601,Leyton Orient,English League Two,0.5,2.24,12.14
596,607,Colorado Springs Switchbacks FC,United Soccer League,0.51,2.26,12.01
597,600,Port Vale,English League Two,0.37,1.99,11.77
598,613,Black Leopards,South African ABSA Premier League,0.39,2.03,11.75
599,621,Swope Park Rangers,United Soccer League,0.62,2.57,11.31
600,612,New York Red Bulls II,United Soccer League,0.7,2.79,10.89
601,619,Tranmere Rovers,English League Two,0.37,2.08,10.88
602,615,Oklahoma City Energy FC,United Soccer League,0.4,2.18,10.65
603,622,Atlanta United 2,United Soccer League,0.58,2.64,10.2
604,617,Forest Green Rovers,English League Two,0.34,2.11,10.16
605,616,Barrow,English League Two,0.38,2.23,10.02
606,620,Southend United,English League Two,0.41,2.32,9.71
607,618,Scunthorpe,English League Two,0.36,2.22,9.64
608,624,Walsall,English League Two,0.35,2.26,9.14
609,626,Grimsby Town,English League Two,0.35,2.29,9
610,627,Rio Grande Valley FC Toros,United Soccer League,0.37,2.38,8.71
611,628,Morecambe,English League Two,0.36,2.36,8.6
612,625,Stevenage,English League Two,0.26,2.15,8.38
613,623,Cambridge United,English League Two,0.26,2.19,8.01
614,630,Newport County,English League Two,0.21,2.1,7.8
615,629,Carlisle United,English League Two,0.24,2.26,7.35
616,631,Loudoun United FC,United Soccer League,0.34,2.65,6.51
617,632,Harrogate Town,English League Two,0.2,2.35,6.11
618,633,Bethlehem Steel FC,United Soccer League,0.39,3.02,5.4
